case,backend,status,output_tokens_per_second_mean,output_tokens_per_second_p50,throughput_relative_to_tensorforge,throughput_p50_relative_to_tensorforge,request_latency_mean_ms,ttft_mean_ms,tpot_mean_ms,generated_token_sha256,greedy_tokens_match_tensorforge,error
real-b1-p32-o8,tensorforge,completed,27.474687591686035,26.424968315719788,1.0,1.0,293.0949518,55.0073482,34.0125148,73aafabce86b962b689a0cbcab75f533e535446bc9dd45a8a9ecbf22701cd0a4,True,
real-b4-p32-o8-burst,tensorforge,completed,105.59307821477071,114.77448511977673,1.0,1.0,332.57008759999997,86.43672740000001,35.161908600000004,604dd9f8a8af5de16e84770f78dfc0bf20050a300cad50d6d09ecc15daf5d83e,True,
real-b4-p32-o8-staggered,tensorforge,completed,56.574952312099356,51.92558098429144,1.0,1.0,623.1552914,184.7687675,62.62664627142857,628576724635e0b933c3888ec35ec6bd2777d04e23d1bc9a77232f9f452c4580,True,
real-b1-p128-o16,tensorforge,completed,19.994334505632445,18.155618963449598,1.0,1.0,857.308698,52.2177594,53.67272924,fb02f354e0dda892a921f0c348edb89ec769c998dc961f335dc63290a4592e3f,True,
real-b1-p32-o8,transformers_sdpa,completed,28.253352115262977,24.3048625505033,1.028341160239892,0.9197688436222166,306.2486446,40.674172600000006,37.93921028571428,73aafabce86b962b689a0cbcab75f533e535446bc9dd45a8a9ecbf22701cd0a4,True,
real-b4-p32-o8-burst,transformers_sdpa,completed,123.61502863319723,113.64748704558932,1.1706735964432329,0.990180761229194,294.3728474,34.2527032,37.1600206,604dd9f8a8af5de16e84770f78dfc0bf20050a300cad50d6d09ecc15daf5d83e,True,
real-b4-p32-o8-staggered,transformers_sdpa,failed,,,,,,,,,,ValueError: Transformers comparison supports simultaneous arrivals only
real-b1-p128-o16,transformers_sdpa,completed,35.952060607930505,35.35290320836236,1.7981123901774643,1.947215530328868,501.12331320000004,46.780251199999995,30.289537466666665,29ceb0825b8f84248b308d4444d6395df54ff2a832fe7ab8b4fe6ebfce1daab5,False,
real-b1-p32-o8,vllm,completed,124.31558926078685,129.8978470341139,4.524731676963829,4.915723851855662,65.59772439999999,22.1746914,6.203290428571428,73aafabce86b962b689a0cbcab75f533e535446bc9dd45a8a9ecbf22701cd0a4,True,
real-b4-p32-o8-burst,vllm,completed,516.0157608901134,516.3034595526418,4.8868332054925485,4.49841669090335,61.859189900000004,16.39833405,6.494407978571428,604dd9f8a8af5de16e84770f78dfc0bf20050a300cad50d6d09ecc15daf5d83e,True,
real-b4-p32-o8-staggered,vllm,failed,,,,,,,,,,ValueError: vLLM offline comparison supports simultaneous arrivals only
real-b1-p128-o16,vllm,completed,150.74055477160547,149.59822031973178,7.539163392967221,8.239775279537364,106.9536206,18.6303134,5.88822048,29ceb0825b8f84248b308d4444d6395df54ff2a832fe7ab8b4fe6ebfce1daab5,False,
