name,operation,rows,columns,precision,seed,eps,implementation,p05_ms,p50_ms,p95_ms,logical_bytes,modeled_flops,arithmetic_intensity_flops_per_byte,effective_bandwidth_gbps,achieved_gflops,empirical_memory_roofline_gflops,roofline_efficiency_pct,empirical_copy_bandwidth_pct,speedup_vs_torch,performance_outcome,maximum_absolute_error,maximum_relative_error,rtol,atol,first_call_wall_ms,selected_autotune_config,suite_id,hardware_fingerprint,git_commit
rms-odd,rms_norm,17,513,fp16,7,1e-06,torch_standard,0.020479999482631683,0.020479999482631683,0.024756792932748795,35910,34918,0.9723753829016987,1.7534180130450647,1.7049805118214305,791.622256891793,0.21537804135470193,0.2153780413547019,1.0,baseline,0.0,0.0,0.003,0.003,710.49339,"{""kwargs"": {}, ""maxnreg"": null, ""num_ctas"": 1, ""num_stages"": 1, ""num_warps"": 2}",7a928e29-6ee4-4f2f-95ab-f473bf54f158,77278e66c8912b496682306deb107db0d1c325287febc4504b8bf666e266ea0c,0bd1d9eb77d6cdf1ae12627a205ebc1b43d61826
rms-odd,rms_norm,17,513,fp16,7,1e-06,triton_autotuned,0.004095999989658594,0.005119999870657921,0.005119999870657921,35910,34918,0.9723753829016987,7.013672052180259,6.819922047285722,791.622256891793,0.8615121654188077,0.8615121654188076,4.0,improvement,0.0,0.0,0.003,0.003,710.49339,"{""kwargs"": {}, ""maxnreg"": null, ""num_ctas"": 1, ""num_stages"": 1, ""num_warps"": 2}",7a928e29-6ee4-4f2f-95ab-f473bf54f158,77278e66c8912b496682306deb107db0d1c325287febc4504b8bf666e266ea0c,0bd1d9eb77d6cdf1ae12627a205ebc1b43d61826
rms-decode-1,rms_norm,1,4096,fp16,7,1e-06,torch_standard,0.018432000651955605,0.01945599913597107,0.022592000663280487,24576,16386,0.666748046875,1.2631579508329056,0.8422080966124672,542.8074413713754,0.15515780227416767,0.15515780227416764,1.0,baseline,0.0,0.0,0.003,0.003,111.693443,"{""kwargs"": {}, ""maxnreg"": null, ""num_ctas"": 1, ""num_stages"": 1, ""num_warps"": 2}",7a928e29-6ee4-4f2f-95ab-f473bf54f158,77278e66c8912b496682306deb107db0d1c325287febc4504b8bf666e266ea0c,0bd1d9eb77d6cdf1ae12627a205ebc1b43d61826
rms-decode-1,rms_norm,1,4096,fp16,7,1e-06,triton_autotuned,0.005119999870657921,0.005119999870657921,0.006144000217318535,24576,16386,0.666748046875,4.800000121258202,3.2003907058486694,542.8074413713754,0.5895996373526209,0.5895996373526209,3.799999927240422,improvement,0.0,0.0,0.003,0.003,111.693443,"{""kwargs"": {}, ""maxnreg"": null, ""num_ctas"": 1, ""num_stages"": 1, ""num_warps"": 2}",7a928e29-6ee4-4f2f-95ab-f473bf54f158,77278e66c8912b496682306deb107db0d1c325287febc4504b8bf666e266ea0c,0bd1d9eb77d6cdf1ae12627a205ebc1b43d61826
rms-decode-16,rms_norm,16,4096,fp16,7,1e-06,torch_standard,0.02457600086927414,0.025599999353289604,0.03047199919819832,270336,262176,0.9698153409090909,10.560000266768045,10.241250258715743,789.5380965401824,1.2971192021757658,1.297119202175766,1.0,baseline,0.0,0.0,0.003,0.003,115.935904,"{""kwargs"": {}, ""maxnreg"": null, ""num_ctas"": 1, ""num_stages"": 1, ""num_warps"": 8}",7a928e29-6ee4-4f2f-95ab-f473bf54f158,77278e66c8912b496682306deb107db0d1c325287febc4504b8bf666e266ea0c,0bd1d9eb77d6cdf1ae12627a205ebc1b43d61826
rms-decode-16,rms_norm,16,4096,fp16,7,1e-06,triton_autotuned,0.005119999870657921,0.006144000217318535,0.0071680000983178616,270336,262176,0.9698153409090909,43.99999844368242,42.67187349065934,789.5380965401824,5.40466301469819,5.404663014698191,4.166666414029258,improvement,0.0,0.0,0.003,0.003,115.935904,"{""kwargs"": {}, ""maxnreg"": null, ""num_ctas"": 1, ""num_stages"": 1, ""num_warps"": 8}",7a928e29-6ee4-4f2f-95ab-f473bf54f158,77278e66c8912b496682306deb107db0d1c325287febc4504b8bf666e266ea0c,0bd1d9eb77d6cdf1ae12627a205ebc1b43d61826
rms-prefill-default,rms_norm,2048,512,fp16,7,1e-06,torch_standard,0.03276799991726875,0.03379200026392937,0.03788800165057182,4195328,4198400,1.0007322431047108,124.15151418184095,124.24242327204,814.7079109169761,15.249934560252612,15.249934560252614,1.0,baseline,0.001953125,0.0009389671613462269,0.003,0.003,112.997571,"{""kwargs"": {}, ""maxnreg"": null, ""num_ctas"": 1, ""num_stages"": 1, ""num_warps"": 1}",7a928e29-6ee4-4f2f-95ab-f473bf54f158,77278e66c8912b496682306deb107db0d1c325287febc4504b8bf666e266ea0c,0bd1d9eb77d6cdf1ae12627a205ebc1b43d61826
rms-prefill-default,rms_norm,2048,512,fp16,7,1e-06,triton_autotuned,0.009216000325977802,0.009216000325977802,0.010239999741315842,4195328,4198400,1.0007322431047108,455.22220612062347,455.5555394421665,814.7079109169761,55.91642517984467,55.91642517984467,3.6666665656117035,improvement,0.001953125,0.0009389671613462269,0.003,0.003,112.997571,"{""kwargs"": {}, ""maxnreg"": null, ""num_ctas"": 1, ""num_stages"": 1, ""num_warps"": 1}",7a928e29-6ee4-4f2f-95ab-f473bf54f158,77278e66c8912b496682306deb107db0d1c325287febc4504b8bf666e266ea0c,0bd1d9eb77d6cdf1ae12627a205ebc1b43d61826
rms-prefill-wide,rms_norm,128,4096,fp16,7,1e-06,torch_standard,0.02969600073993206,0.030719999223947525,0.03379200026392937,2105344,2097408,0.9962305447470817,68.533335064631,68.27500172477161,811.0430252397205,8.418172599979085,8.418172599979087,1.0,baseline,0.0009765625,0.0008291873964481056,0.003,0.003,119.608483,"{""kwargs"": {}, ""maxnreg"": null, ""num_ctas"": 1, ""num_stages"": 1, ""num_warps"": 8}",7a928e29-6ee4-4f2f-95ab-f473bf54f158,77278e66c8912b496682306deb107db0d1c325287febc4504b8bf666e266ea0c,0bd1d9eb77d6cdf1ae12627a205ebc1b43d61826
rms-prefill-wide,rms_norm,128,4096,fp16,7,1e-06,triton_autotuned,0.0071680000983178616,0.0071680000983178616,0.008191999979317188,2105344,2097408,0.9962305447470817,293.71428168563614,292.6071388436791,811.0430252397205,36.07788116508283,36.07788116508283,4.285714118664241,improvement,0.0009765625,0.0008291873964481056,0.003,0.003,119.608483,"{""kwargs"": {}, ""maxnreg"": null, ""num_ctas"": 1, ""num_stages"": 1, ""num_warps"": 8}",7a928e29-6ee4-4f2f-95ab-f473bf54f158,77278e66c8912b496682306deb107db0d1c325287febc4504b8bf666e266ea0c,0bd1d9eb77d6cdf1ae12627a205ebc1b43d61826
rms-decode-bf16,rms_norm,16,4096,bf16,7,1e-06,torch_standard,0.02457600086927414,0.025599999353289604,0.027648000046610832,270336,262176,0.9698153409090909,10.560000266768045,10.241250258715743,789.5380965401824,1.2971192021757658,1.297119202175766,1.0,baseline,0.0,0.0,0.03,0.03,116.292352,"{""kwargs"": {}, ""maxnreg"": null, ""num_ctas"": 1, ""num_stages"": 1, ""num_warps"": 8}",7a928e29-6ee4-4f2f-95ab-f473bf54f158,77278e66c8912b496682306deb107db0d1c325287febc4504b8bf666e266ea0c,0bd1d9eb77d6cdf1ae12627a205ebc1b43d61826
rms-decode-bf16,rms_norm,16,4096,bf16,7,1e-06,triton_autotuned,0.005119999870657921,0.005119999870657921,0.006144000217318535,270336,262176,0.9698153409090909,52.80000133384023,51.20625129357871,789.5380965401824,6.485596010878829,6.48559601087883,5.0,improvement,0.0,0.0,0.03,0.03,116.292352,"{""kwargs"": {}, ""maxnreg"": null, ""num_ctas"": 1, ""num_stages"": 1, ""num_warps"": 8}",7a928e29-6ee4-4f2f-95ab-f473bf54f158,77278e66c8912b496682306deb107db0d1c325287febc4504b8bf666e266ea0c,0bd1d9eb77d6cdf1ae12627a205ebc1b43d61826
rms-decode-fp32,rms_norm,16,4096,fp32,7,1e-06,torch_standard,0.02457600086927414,0.025599999353289604,0.026623999699950218,540672,262176,0.48490767045454547,21.12000053353609,10.241250258715743,394.7690482700912,2.5942384043515316,2.594238404351532,1.0,baseline,1.430511474609375e-06,2.9212606023065746e-07,1e-05,1e-05,110.372794,"{""kwargs"": {}, ""maxnreg"": null, ""num_ctas"": 1, ""num_stages"": 1, ""num_warps"": 8}",7a928e29-6ee4-4f2f-95ab-f473bf54f158,77278e66c8912b496682306deb107db0d1c325287febc4504b8bf666e266ea0c,0bd1d9eb77d6cdf1ae12627a205ebc1b43d61826
rms-decode-fp32,rms_norm,16,4096,fp32,7,1e-06,triton_autotuned,0.005119999870657921,0.006144000217318535,0.0071680000983178616,540672,262176,0.48490767045454547,87.99999688736484,42.67187349065934,394.7690482700912,10.80932602939638,10.809326029396383,4.166666414029258,improvement,1.430511474609375e-06,2.9212606023065746e-07,1e-05,1e-05,110.372794,"{""kwargs"": {}, ""maxnreg"": null, ""num_ctas"": 1, ""num_stages"": 1, ""num_warps"": 8}",7a928e29-6ee4-4f2f-95ab-f473bf54f158,77278e66c8912b496682306deb107db0d1c325287febc4504b8bf666e266ea0c,0bd1d9eb77d6cdf1ae12627a205ebc1b43d61826
resnorm-odd,residual_rms_norm,17,513,fp16,7,1e-06,torch_standard,0.02252800017595291,0.023552000522613525,0.026470405980944633,70794,43639,0.6164222956747747,3.0058593083006655,1.8528786952980865,501.8366543220238,0.36921948194503784,0.36921948194503784,1.0,baseline,0.0078125,0.0009765625,0.003,0.003,111.636833,"{""kwargs"": {}, ""maxnreg"": null, ""num_ctas"": 1, ""num_stages"": 1, ""num_warps"": 1}",7a928e29-6ee4-4f2f-95ab-f473bf54f158,77278e66c8912b496682306deb107db0d1c325287febc4504b8bf666e266ea0c,0bd1d9eb77d6cdf1ae12627a205ebc1b43d61826
resnorm-odd,residual_rms_norm,17,513,fp16,7,1e-06,triton_autotuned,0.005119999870657921,0.006144000217318535,0.006144000217318535,70794,43639,0.6164222956747747,11.522460529940716,7.102701571688037,501.8366543220238,1.4153413288002479,1.4153413288002477,3.8333332828058517,improvement,0.0078125,0.0009765625,0.003,0.003,111.636833,"{""kwargs"": {}, ""maxnreg"": null, ""num_ctas"": 1, ""num_stages"": 1, ""num_warps"": 1}",7a928e29-6ee4-4f2f-95ab-f473bf54f158,77278e66c8912b496682306deb107db0d1c325287febc4504b8bf666e266ea0c,0bd1d9eb77d6cdf1ae12627a205ebc1b43d61826
resnorm-decode-1,residual_rms_norm,1,4096,fp16,7,1e-06,torch_standard,0.020479999482631683,0.021503999829292297,0.024115202948451042,40960,20482,0.500048828125,1.9047619198826977,0.9524739658944681,407.09564314055325,0.23396810600736848,0.23396810600736845,1.0,baseline,0.00390625,0.0009756097570061684,0.003,0.003,113.654211,"{""kwargs"": {}, ""maxnreg"": null, ""num_ctas"": 1, ""num_stages"": 1, ""num_warps"": 8}",7a928e29-6ee4-4f2f-95ab-f473bf54f158,77278e66c8912b496682306deb107db0d1c325287febc4504b8bf666e266ea0c,0bd1d9eb77d6cdf1ae12627a205ebc1b43d61826
resnorm-decode-1,residual_rms_norm,1,4096,fp16,7,1e-06,triton_autotuned,0.005119999870657921,0.005119999870657921,0.006144000217318535,40960,20482,0.500048828125,8.000000202097004,4.00039072605837,407.09564314055325,0.9826660622543684,0.9826660622543683,4.200000072759578,improvement,0.00390625,0.0009756097570061684,0.003,0.003,113.654211,"{""kwargs"": {}, ""maxnreg"": null, ""num_ctas"": 1, ""num_stages"": 1, ""num_warps"": 8}",7a928e29-6ee4-4f2f-95ab-f473bf54f158,77278e66c8912b496682306deb107db0d1c325287febc4504b8bf666e266ea0c,0bd1d9eb77d6cdf1ae12627a205ebc1b43d61826
resnorm-decode-16,residual_rms_norm,16,4096,fp16,7,1e-06,torch_standard,0.027648000046610832,0.028672000393271446,0.03379200026392937,532480,327712,0.6154447115384616,18.571428316698785,11.429687343227899,501.0407915576041,2.281188984173525,2.2811889841735256,1.0,baseline,0.0078125,0.0059523810632526875,0.003,0.003,115.941249,"{""kwargs"": {}, ""maxnreg"": null, ""num_ctas"": 1, ""num_stages"": 1, ""num_warps"": 8}",7a928e29-6ee4-4f2f-95ab-f473bf54f158,77278e66c8912b496682306deb107db0d1c325287febc4504b8bf666e266ea0c,0bd1d9eb77d6cdf1ae12627a205ebc1b43d61826
resnorm-decode-16,residual_rms_norm,16,4096,fp16,7,1e-06,triton_autotuned,0.005119999870657921,0.006144000217318535,0.0071680000983178616,532480,327712,0.6154447115384616,86.66666360119265,53.338539780036896,501.0407915576041,10.645548362284316,10.645548362284316,4.6666665656117035,improvement,0.0078125,0.0059523810632526875,0.003,0.003,115.941249,"{""kwargs"": {}, ""maxnreg"": null, ""num_ctas"": 1, ""num_stages"": 1, ""num_warps"": 8}",7a928e29-6ee4-4f2f-95ab-f473bf54f158,77278e66c8912b496682306deb107db0d1c325287febc4504b8bf666e266ea0c,0bd1d9eb77d6cdf1ae12627a205ebc1b43d61826
resnorm-prefill-default,residual_rms_norm,2048,512,fp16,7,1e-06,torch_standard,0.03993599861860275,0.04095999896526337,0.043007999658584595,8389632,5246976,0.6254119370194068,204.82500517431484,128.10000323607827,509.15522726722645,25.159322025156367,25.159322025156367,1.0,baseline,0.0078125,0.0024999999441206455,0.003,0.003,121.844086,"{""kwargs"": {}, ""maxnreg"": null, ""num_ctas"": 1, ""num_stages"": 1, ""num_warps"": 4}",7a928e29-6ee4-4f2f-95ab-f473bf54f158,77278e66c8912b496682306deb107db0d1c325287febc4504b8bf666e266ea0c,0bd1d9eb77d6cdf1ae12627a205ebc1b43d61826
resnorm-prefill-default,residual_rms_norm,2048,512,fp16,7,1e-06,triton_autotuned,0.013311999849975109,0.014336000196635723,0.015359999611973763,8389632,5246976,0.6254119370194068,585.2142776873582,365.99999497986374,509.15522726722645,71.88377441282191,71.8837744128219,2.8571427457761605,improvement,0.0078125,0.0024999999441206455,0.003,0.003,121.844086,"{""kwargs"": {}, ""maxnreg"": null, ""num_ctas"": 1, ""num_stages"": 1, ""num_warps"": 4}",7a928e29-6ee4-4f2f-95ab-f473bf54f158,77278e66c8912b496682306deb107db0d1c325287febc4504b8bf666e266ea0c,0bd1d9eb77d6cdf1ae12627a205ebc1b43d61826
resnorm-prefill-wide,residual_rms_norm,128,4096,fp16,7,1e-06,torch_standard,0.03481600061058998,0.035840000957250595,0.03993599861860275,4202496,2621696,0.6238425925925926,117.25713972532179,73.14999804623663,507.8776054774934,14.403076106784212,14.40307610678421,1.0,baseline,0.0078125,0.0015243901871144772,0.003,0.003,109.855225,"{""kwargs"": {}, ""maxnreg"": null, ""num_ctas"": 1, ""num_stages"": 1, ""num_warps"": 2}",7a928e29-6ee4-4f2f-95ab-f473bf54f158,77278e66c8912b496682306deb107db0d1c325287febc4504b8bf666e266ea0c,0bd1d9eb77d6cdf1ae12627a205ebc1b43d61826
resnorm-prefill-wide,residual_rms_norm,128,4096,fp16,7,1e-06,triton_autotuned,0.009216000325977802,0.010208000428974628,0.011264000087976456,4202496,2621696,0.6238425925925926,411.6865030757186,256.8275754141346,507.8776054774934,50.56879308011071,50.5687930801107,3.5109717330655172,improvement,0.0078125,0.0015243901871144772,0.003,0.003,109.855225,"{""kwargs"": {}, ""maxnreg"": null, ""num_ctas"": 1, ""num_stages"": 1, ""num_warps"": 2}",7a928e29-6ee4-4f2f-95ab-f473bf54f158,77278e66c8912b496682306deb107db0d1c325287febc4504b8bf666e266ea0c,0bd1d9eb77d6cdf1ae12627a205ebc1b43d61826
resnorm-decode-bf16,residual_rms_norm,16,4096,bf16,7,1e-06,torch_standard,0.027648000046610832,0.028672000393271446,0.03277759999036789,532480,327712,0.6154447115384616,18.571428316698785,11.429687343227899,501.0407915576041,2.281188984173525,2.2811889841735256,1.0,baseline,0.0625,0.0078125,0.03,0.03,112.64185,"{""kwargs"": {}, ""maxnreg"": null, ""num_ctas"": 1, ""num_stages"": 1, ""num_warps"": 8}",7a928e29-6ee4-4f2f-95ab-f473bf54f158,77278e66c8912b496682306deb107db0d1c325287febc4504b8bf666e266ea0c,0bd1d9eb77d6cdf1ae12627a205ebc1b43d61826
resnorm-decode-bf16,residual_rms_norm,16,4096,bf16,7,1e-06,triton_autotuned,0.005119999870657921,0.006144000217318535,0.0071680000983178616,532480,327712,0.6154447115384616,86.66666360119265,53.338539780036896,501.0407915576041,10.645548362284316,10.645548362284316,4.6666665656117035,improvement,0.0625,0.0078125,0.03,0.03,112.64185,"{""kwargs"": {}, ""maxnreg"": null, ""num_ctas"": 1, ""num_stages"": 1, ""num_warps"": 8}",7a928e29-6ee4-4f2f-95ab-f473bf54f158,77278e66c8912b496682306deb107db0d1c325287febc4504b8bf666e266ea0c,0bd1d9eb77d6cdf1ae12627a205ebc1b43d61826
resnorm-decode-fp32,residual_rms_norm,16,4096,fp32,7,1e-06,torch_standard,0.028672000393271446,0.029664000496268272,0.030719999223947525,1064960,327712,0.3077223557692308,35.900754523449116,11.04746475584863,250.52039577880205,4.409806523538719,4.40980652353872,1.0,baseline,1.9073486328125e-06,2.362887272511216e-07,1e-05,1e-05,113.361733,"{""kwargs"": {}, ""maxnreg"": null, ""num_ctas"": 1, ""num_stages"": 1, ""num_warps"": 8}",7a928e29-6ee4-4f2f-95ab-f473bf54f158,77278e66c8912b496682306deb107db0d1c325287febc4504b8bf666e266ea0c,0bd1d9eb77d6cdf1ae12627a205ebc1b43d61826
resnorm-decode-fp32,residual_rms_norm,16,4096,fp32,7,1e-06,triton_autotuned,0.006144000217318535,0.0071680000983178616,0.008191999979317188,1064960,327712,0.3077223557692308,148.57142653359028,45.718749372911596,250.52039577880205,18.2495118733882,18.249511873388204,4.138392869613607,improvement,1.9073486328125e-06,2.362887272511216e-07,1e-05,1e-05,113.361733,"{""kwargs"": {}, ""maxnreg"": null, ""num_ctas"": 1, ""num_stages"": 1, ""num_warps"": 8}",7a928e29-6ee4-4f2f-95ab-f473bf54f158,77278e66c8912b496682306deb107db0d1c325287febc4504b8bf666e266ea0c,0bd1d9eb77d6cdf1ae12627a205ebc1b43d61826
swiglu-odd,swiglu,17,513,fp16,7,1e-06,torch_standard,0.0071680000983178616,0.0071680000983178616,0.008191999979317188,52326,26163,0.5,7.299944096300936,3.649972048150468,407.05589158864035,0.896675892321694,0.896675892321694,1.0,baseline,0.00390625,0.007575757801532745,0.003,0.003,119.110912,"{""kwargs"": {""BLOCK_SIZE"": 128}, ""maxnreg"": null, ""num_ctas"": 1, ""num_stages"": 2, ""num_warps"": 4}",7a928e29-6ee4-4f2f-95ab-f473bf54f158,77278e66c8912b496682306deb107db0d1c325287febc4504b8bf666e266ea0c,0bd1d9eb77d6cdf1ae12627a205ebc1b43d61826
swiglu-odd,swiglu,17,513,fp16,7,1e-06,triton_autotuned,0.004095999989658594,0.004095999989658594,0.005119999870657921,52326,26163,0.5,12.774902376003528,6.387451188001764,407.05589158864035,1.569182837048026,1.569182837048026,1.7500000284217094,improvement,0.00390625,0.007575757801532745,0.003,0.003,119.110912,"{""kwargs"": {""BLOCK_SIZE"": 128}, ""maxnreg"": null, ""num_ctas"": 1, ""num_stages"": 2, ""num_warps"": 4}",7a928e29-6ee4-4f2f-95ab-f473bf54f158,77278e66c8912b496682306deb107db0d1c325287febc4504b8bf666e266ea0c,0bd1d9eb77d6cdf1ae12627a205ebc1b43d61826
swiglu-decode-default,swiglu,1,1376,fp16,7,1e-06,torch_standard,0.007100800052285194,0.0071680000983178616,0.008191999979317188,8256,4128,0.5,1.1517856984875687,0.5758928492437844,407.05589158864035,0.14147758603768498,0.14147758603768498,1.0,baseline,0.00390625,0.0009765625,0.003,0.003,122.635339,"{""kwargs"": {""BLOCK_SIZE"": 512}, ""maxnreg"": null, ""num_ctas"": 1, ""num_stages"": 2, ""num_warps"": 8}",7a928e29-6ee4-4f2f-95ab-f473bf54f158,77278e66c8912b496682306deb107db0d1c325287febc4504b8bf666e266ea0c,0bd1d9eb77d6cdf1ae12627a205ebc1b43d61826
swiglu-decode-default,swiglu,1,1376,fp16,7,1e-06,triton_autotuned,0.004095999989658594,0.004095999989658594,0.005119999870657921,8256,4128,0.5,2.015625005088964,1.007812502544482,407.05589158864035,0.24758577958698358,0.24758577958698358,1.7500000284217094,improvement,0.00390625,0.0009765625,0.003,0.003,122.635339,"{""kwargs"": {""BLOCK_SIZE"": 512}, ""maxnreg"": null, ""num_ctas"": 1, ""num_stages"": 2, ""num_warps"": 8}",7a928e29-6ee4-4f2f-95ab-f473bf54f158,77278e66c8912b496682306deb107db0d1c325287febc4504b8bf666e266ea0c,0bd1d9eb77d6cdf1ae12627a205ebc1b43d61826
swiglu-batch-default,swiglu,16,1376,fp16,7,1e-06,torch_standard,0.0071680000983178616,0.0072639998979866505,0.008655999787151814,132096,66048,0.5,18.185022281816497,9.092511140908249,407.05589158864035,2.2337254732814174,2.2337254732814174,1.0,baseline,0.00390625,0.007575757801532745,0.003,0.003,111.161444,"{""kwargs"": {""BLOCK_SIZE"": 128}, ""maxnreg"": null, ""num_ctas"": 1, ""num_stages"": 2, ""num_warps"": 4}",7a928e29-6ee4-4f2f-95ab-f473bf54f158,77278e66c8912b496682306deb107db0d1c325287febc4504b8bf666e266ea0c,0bd1d9eb77d6cdf1ae12627a205ebc1b43d61826
swiglu-batch-default,swiglu,16,1376,fp16,7,1e-06,triton_autotuned,0.004095999989658594,0.005119999870657921,0.006144000217318535,132096,66048,0.5,25.800000651762836,12.900000325881418,407.05589158864035,3.169098050770337,3.169098050770337,1.4187500159161577,improvement,0.00390625,0.007575757801532745,0.003,0.003,111.161444,"{""kwargs"": {""BLOCK_SIZE"": 128}, ""maxnreg"": null, ""num_ctas"": 1, ""num_stages"": 2, ""num_warps"": 4}",7a928e29-6ee4-4f2f-95ab-f473bf54f158,77278e66c8912b496682306deb107db0d1c325287febc4504b8bf666e266ea0c,0bd1d9eb77d6cdf1ae12627a205ebc1b43d61826
swiglu-prefill-default,swiglu,2048,1376,fp16,7,1e-06,torch_standard,0.04190719872713089,0.043007999658584595,0.046806398779153824,16908288,8454144,0.5,393.1428602637888,196.5714301318944,407.05589158864035,48.29101707992085,48.29101707992085,1.0,baseline,0.0078125,0.1111111119389534,0.003,0.003,119.530007,"{""kwargs"": {""BLOCK_SIZE"": 128}, ""maxnreg"": null, ""num_ctas"": 1, ""num_stages"": 2, ""num_warps"": 4}",7a928e29-6ee4-4f2f-95ab-f473bf54f158,77278e66c8912b496682306deb107db0d1c325287febc4504b8bf666e266ea0c,0bd1d9eb77d6cdf1ae12627a205ebc1b43d61826
swiglu-prefill-default,swiglu,2048,1376,fp16,7,1e-06,triton_autotuned,0.025599999353289604,0.026623999699950218,0.026623999699950218,16908288,8454144,0.5,635.0769302341757,317.53846511708787,407.05589158864035,78.008566312064,78.008566312064,1.615384620766241,improvement,0.0078125,0.1111111119389534,0.003,0.003,119.530007,"{""kwargs"": {""BLOCK_SIZE"": 128}, ""maxnreg"": null, ""num_ctas"": 1, ""num_stages"": 2, ""num_warps"": 4}",7a928e29-6ee4-4f2f-95ab-f473bf54f158,77278e66c8912b496682306deb107db0d1c325287febc4504b8bf666e266ea0c,0bd1d9eb77d6cdf1ae12627a205ebc1b43d61826
swiglu-decode-7b,swiglu,1,11008,fp16,7,1e-06,torch_standard,0.0071680000983178616,0.0071680000983178616,0.008191999979317188,66048,33024,0.5,9.21428558790055,4.607142793950275,407.05589158864035,1.1318206883014799,1.1318206883014799,1.0,baseline,0.00390625,0.007575757801532745,0.003,0.003,109.39828,"{""kwargs"": {""BLOCK_SIZE"": 128}, ""maxnreg"": null, ""num_ctas"": 1, ""num_stages"": 2, ""num_warps"": 4}",7a928e29-6ee4-4f2f-95ab-f473bf54f158,77278e66c8912b496682306deb107db0d1c325287febc4504b8bf666e266ea0c,0bd1d9eb77d6cdf1ae12627a205ebc1b43d61826
swiglu-decode-7b,swiglu,1,11008,fp16,7,1e-06,triton_autotuned,0.004095999989658594,0.005119999870657921,0.006144000217318535,66048,33024,0.5,12.900000325881418,6.450000162940709,407.05589158864035,1.5845490253851684,1.5845490253851684,1.4000000545696836,improvement,0.00390625,0.007575757801532745,0.003,0.003,109.39828,"{""kwargs"": {""BLOCK_SIZE"": 128}, ""maxnreg"": null, ""num_ctas"": 1, ""num_stages"": 2, ""num_warps"": 4}",7a928e29-6ee4-4f2f-95ab-f473bf54f158,77278e66c8912b496682306deb107db0d1c325287febc4504b8bf666e266ea0c,0bd1d9eb77d6cdf1ae12627a205ebc1b43d61826
swiglu-prefill-7b,swiglu,128,11008,fp16,7,1e-06,torch_standard,0.020479999482631683,0.021503999829292297,0.02252800017595291,8454144,4227072,0.5,393.1428602637888,196.5714301318944,407.05589158864035,48.29101707992085,48.29101707992085,1.0,baseline,0.0078125,0.02631578966975212,0.003,0.003,106.387058,"{""kwargs"": {""BLOCK_SIZE"": 256}, ""maxnreg"": null, ""num_ctas"": 1, ""num_stages"": 2, ""num_warps"": 4}",7a928e29-6ee4-4f2f-95ab-f473bf54f158,77278e66c8912b496682306deb107db0d1c325287febc4504b8bf666e266ea0c,0bd1d9eb77d6cdf1ae12627a205ebc1b43d61826
swiglu-prefill-7b,swiglu,128,11008,fp16,7,1e-06,triton_autotuned,0.014336000196635723,0.015359999611973763,0.016383999958634377,8454144,4227072,0.5,550.4000139042738,275.2000069521369,407.05589158864035,67.60742508310052,67.60742508310052,1.4000000242531927,improvement,0.0078125,0.02631578966975212,0.003,0.003,106.387058,"{""kwargs"": {""BLOCK_SIZE"": 256}, ""maxnreg"": null, ""num_ctas"": 1, ""num_stages"": 2, ""num_warps"": 4}",7a928e29-6ee4-4f2f-95ab-f473bf54f158,77278e66c8912b496682306deb107db0d1c325287febc4504b8bf666e266ea0c,0bd1d9eb77d6cdf1ae12627a205ebc1b43d61826
swiglu-batch-bf16,swiglu,16,1376,bf16,7,1e-06,torch_standard,0.0071680000983178616,0.007183999754488468,0.008191999979317188,132096,66048,0.5,18.387528468033167,9.193764234016584,407.05589158864035,2.258599967226995,2.258599967226995,1.0,baseline,0.0625,0.0078125,0.03,0.03,115.607884,"{""kwargs"": {""BLOCK_SIZE"": 128}, ""maxnreg"": null, ""num_ctas"": 1, ""num_stages"": 2, ""num_warps"": 4}",7a928e29-6ee4-4f2f-95ab-f473bf54f158,77278e66c8912b496682306deb107db0d1c325287febc4504b8bf666e266ea0c,0bd1d9eb77d6cdf1ae12627a205ebc1b43d61826
swiglu-batch-bf16,swiglu,16,1376,bf16,7,1e-06,triton_autotuned,0.004095999989658594,0.005024000070989132,0.005119999870657921,132096,66048,0.5,26.29299325905319,13.146496629526595,407.05589158864035,3.2296539372563826,3.2296539372563826,1.4299362366597403,improvement,0.0625,0.0078125,0.03,0.03,115.607884,"{""kwargs"": {""BLOCK_SIZE"": 128}, ""maxnreg"": null, ""num_ctas"": 1, ""num_stages"": 2, ""num_warps"": 4}",7a928e29-6ee4-4f2f-95ab-f473bf54f158,77278e66c8912b496682306deb107db0d1c325287febc4504b8bf666e266ea0c,0bd1d9eb77d6cdf1ae12627a205ebc1b43d61826
swiglu-batch-fp32,swiglu,16,1376,fp32,7,1e-06,torch_standard,0.0071680000983178616,0.008191999979317188,0.009216000325977802,264192,66048,0.25,32.25000008142342,8.062500020355856,203.52794579432017,3.9613724733917373,3.9613724733917373,1.0,baseline,9.5367431640625e-07,3.379711870366009e-07,1e-05,1e-05,106.540246,"{""kwargs"": {""BLOCK_SIZE"": 128}, ""maxnreg"": null, ""num_ctas"": 1, ""num_stages"": 2, ""num_warps"": 4}",7a928e29-6ee4-4f2f-95ab-f473bf54f158,77278e66c8912b496682306deb107db0d1c325287febc4504b8bf666e266ea0c,0bd1d9eb77d6cdf1ae12627a205ebc1b43d61826
swiglu-batch-fp32,swiglu,16,1376,fp32,7,1e-06,triton_autotuned,0.004095999989658594,0.005119999870657921,0.005119999870657921,264192,66048,0.25,51.60000130352567,12.900000325881418,203.52794579432017,6.338196101540674,6.338196101540674,1.600000036379789,improvement,9.5367431640625e-07,3.379711870366009e-07,1e-05,1e-05,106.540246,"{""kwargs"": {""BLOCK_SIZE"": 128}, ""maxnreg"": null, ""num_ctas"": 1, ""num_stages"": 2, ""num_warps"": 4}",7a928e29-6ee4-4f2f-95ab-f473bf54f158,77278e66c8912b496682306deb107db0d1c325287febc4504b8bf666e266ea0c,0bd1d9eb77d6cdf1ae12627a205ebc1b43d61826
