suite_id,case,mode,latency_p50_ms,latency_p95_ms,latency_p99_ms,tokens_per_second_mean,latency_speedup_vs_eager,latency_change_pct_vs_eager,graph_hits,graph_misses,shape_fallbacks,capture_time_ms_mean,compile_time_ms_mean,cold_setup_wall_ms,cold_capture_time_ms,cold_compile_time_ms,addresses_stable,git_commit,git_dirty,hardware_fingerprint
5cdd5b28-5937-46cb-9753-d7077672c0ce,eligible-b1,eager,16.22747230529785,17.835233306884763,18.020959606170653,112.90589609721152,1.0,0.0,0,0,0,0.0,0.0,1374.679112,0.0,0.0,True,9160667c34f2e3b6299649e52c4dcf89917db838,False,77278e66c8912b496682306deb107db0d1c325287febc4504b8bf666e266ea0c
5cdd5b28-5937-46cb-9753-d7077672c0ce,eligible-b1,torch_compile,9.279536247253418,10.184528398513793,10.767245845794672,156.4318150664395,1.6142480736411586,-38.051652882300644,0,0,0,0.0,8.6928214,5139.090112,0.0,5105.759334,True,9160667c34f2e3b6299649e52c4dcf89917db838,False,77278e66c8912b496682306deb107db0d1c325287febc4504b8bf666e266ea0c
5cdd5b28-5937-46cb-9753-d7077672c0ce,eligible-b1,cuda_graph,1.1254559755325317,1.7475263833999632,1.9304566359519952,886.5062881632339,10.401317446416588,-90.38583328360471,80,0,0,160.8918406,0.0,164.048114,146.165869,0.0,True,9160667c34f2e3b6299649e52c4dcf89917db838,False,77278e66c8912b496682306deb107db0d1c325287febc4504b8bf666e266ea0c
5cdd5b28-5937-46cb-9753-d7077672c0ce,eligible-b4,eager,9.726448059082031,18.192548942565917,18.615345134735108,390.5779790687085,1.0,0.0,0,0,0,0.0,0.0,584.178099,0.0,0.0,True,9160667c34f2e3b6299649e52c4dcf89917db838,False,77278e66c8912b496682306deb107db0d1c325287febc4504b8bf666e266ea0c
5cdd5b28-5937-46cb-9753-d7077672c0ce,eligible-b4,torch_compile,6.603775978088379,10.48268494606018,10.843156490325928,592.7819208832279,1.557414578714688,-35.79102098650664,0,0,0,0.0,8.8495468,2851.309351,0.0,2776.639094,True,9160667c34f2e3b6299649e52c4dcf89917db838,False,77278e66c8912b496682306deb107db0d1c325287febc4504b8bf666e266ea0c
5cdd5b28-5937-46cb-9753-d7077672c0ce,eligible-b4,cuda_graph,1.48225599527359,2.3245551586151123,2.445016887187957,2624.0807078194534,7.02305389290936,-85.7611800329537,80,0,0,159.2354332,0.0,189.990456,159.127915,0.0,True,9160667c34f2e3b6299649e52c4dcf89917db838,False,77278e66c8912b496682306deb107db0d1c325287febc4504b8bf666e266ea0c
5cdd5b28-5937-46cb-9753-d7077672c0ce,eligible-b8,eager,18.910207748413086,21.36391677856445,22.2908274269104,588.6048895286169,1.0,0.0,0,0,0,0.0,0.0,60.831215,0.0,0.0,True,9160667c34f2e3b6299649e52c4dcf89917db838,False,77278e66c8912b496682306deb107db0d1c325287febc4504b8bf666e266ea0c
5cdd5b28-5937-46cb-9753-d7077672c0ce,eligible-b8,torch_compile,11.125103950500488,14.716518354415895,15.338822002410884,1007.6489782961389,1.7482383448642085,-42.79956145924294,0,0,0,0.0,9.924615,1941.212688,0.0,1905.0857,True,9160667c34f2e3b6299649e52c4dcf89917db838,False,77278e66c8912b496682306deb107db0d1c325287febc4504b8bf666e266ea0c
5cdd5b28-5937-46cb-9753-d7077672c0ce,eligible-b8,cuda_graph,3.418031930923462,4.547145414352416,4.980429964065552,2679.3555092003894,5.005532378402539,-80.02210505490449,80,0,0,170.0669118,0.0,173.203907,153.639801,0.0,True,9160667c34f2e3b6299649e52c4dcf89917db838,False,77278e66c8912b496682306deb107db0d1c325287febc4504b8bf666e266ea0c
5cdd5b28-5937-46cb-9753-d7077672c0ce,batch-shape-fallback,eager,21.006336212158203,26.670797061920165,27.504456462860105,188.19325418989266,1.0,0.0,0,0,80,0.0,0.0,2356.908287,0.0,0.0,,9160667c34f2e3b6299649e52c4dcf89917db838,False,77278e66c8912b496682306deb107db0d1c325287febc4504b8bf666e266ea0c
5cdd5b28-5937-46cb-9753-d7077672c0ce,batch-shape-fallback,torch_compile,19.685888290405273,25.90959367752075,29.9756129646301,250.80063318069134,1.1915760661431898,-16.077535592274007,0,0,80,0.0,0.0,47.58367,0.0,0.0,,9160667c34f2e3b6299649e52c4dcf89917db838,False,77278e66c8912b496682306deb107db0d1c325287febc4504b8bf666e266ea0c
5cdd5b28-5937-46cb-9753-d7077672c0ce,batch-shape-fallback,cuda_graph,19.8579683303833,23.016179752349853,24.146821975708004,236.12378990987,1.2010228619796628,-16.737638253472873,0,80,80,0.0,0.0,55.663601,0.0,0.0,,9160667c34f2e3b6299649e52c4dcf89917db838,False,77278e66c8912b496682306deb107db0d1c325287febc4504b8bf666e266ea0c
