name,batch,query_heads,kv_heads,head_dim,context_length,block_size,precision,seed,implementation,p05_ms,p50_ms,p95_ms,speedup_vs_torch,performance_outcome,logical_bytes,modeled_flops,arithmetic_intensity_flops_per_byte,effective_logical_bandwidth_gbps,achieved_gflops,empirical_copy_bandwidth_pct,maximum_absolute_error,maximum_relative_error,rtol,atol,first_call_wall_ms,selected_autotune_config,suite_id,hardware_fingerprint,git_commit
default-c1-b1,1,8,4,64,1,16,fp16,17,torch_expanded_gqa,0.023552000522613525,0.02457600086927414,0.027648000046610832,1.0,baseline,3080,1552,0.5038961038961038,0.12532551640046263,0.0631510394329604,0.015609275436255073,0.0,0.0,0.003,0.003,686.703076,"{""kwargs"": {""BLOCK_TOKENS"": 16}, ""maxnreg"": null, ""num_ctas"": 1, ""num_stages"": 2, ""num_warps"": 4, ""path"": ""one_pass""}",0b888e8f-4ad3-4cc2-8a02-2febfb25b132,77278e66c8912b496682306deb107db0d1c325287febc4504b8bf666e266ea0c,42e4782fc71656cb27af082f0509db5c5f7098f7
default-c1-b1,1,8,4,64,1,16,fp16,17,triton_auto_preallocated,0.005119999870657921,0.006144000217318535,0.006144000217318535,4.0,improvement,3080,1552,0.5038961038961038,0.5013020656018505,0.2526041577318416,0.06243710174502029,0.0,0.0,0.003,0.003,686.703076,"{""kwargs"": {""BLOCK_TOKENS"": 16}, ""maxnreg"": null, ""num_ctas"": 1, ""num_stages"": 2, ""num_warps"": 4, ""path"": ""one_pass""}",0b888e8f-4ad3-4cc2-8a02-2febfb25b132,77278e66c8912b496682306deb107db0d1c325287febc4504b8bf666e266ea0c,42e4782fc71656cb27af082f0509db5c5f7098f7
default-c17-b1,1,8,4,64,17,16,fp16,17,torch_expanded_gqa,0.023552000522613525,0.02457600086927414,0.22118400037288666,1.0,baseline,19468,34576,1.7760427367988494,0.7921549198974697,1.4069009919033753,0.09866278382890058,1.1920928955078125e-07,0.0005476451478898525,0.003,0.003,83.404896,"{""kwargs"": {""BLOCK_TOKENS"": 32}, ""maxnreg"": null, ""num_ctas"": 1, ""num_stages"": 2, ""num_warps"": 4, ""path"": ""one_pass""}",0b888e8f-4ad3-4cc2-8a02-2febfb25b132,77278e66c8912b496682306deb107db0d1c325287febc4504b8bf666e266ea0c,42e4782fc71656cb27af082f0509db5c5f7098f7
default-c17-b1,1,8,4,64,17,16,fp16,17,triton_auto_preallocated,0.005119999870657921,0.006144000217318535,0.006144000217318535,4.0,improvement,19468,34576,1.7760427367988494,3.1686196795898787,5.627603967613501,0.3946511353156023,1.1920928955078125e-07,0.0005476451478898525,0.003,0.003,83.404896,"{""kwargs"": {""BLOCK_TOKENS"": 32}, ""maxnreg"": null, ""num_ctas"": 1, ""num_stages"": 2, ""num_warps"": 4, ""path"": ""one_pass""}",0b888e8f-4ad3-4cc2-8a02-2febfb25b132,77278e66c8912b496682306deb107db0d1c325287febc4504b8bf666e266ea0c,42e4782fc71656cb27af082f0509db5c5f7098f7
default-c128-b1,1,8,4,64,128,16,fp16,17,torch_expanded_gqa,0.026623999699950218,0.23070400953292847,0.5447167158126831,1.0,baseline,133156,263680,1.980233710835411,0.5771724569051957,1.142936356129367,0.07188674830802455,4.76837158203125e-07,0.0005681818001903594,0.003,0.003,82.491135,"{""kwargs"": {""BLOCK_TOKENS"": 64}, ""maxnreg"": null, ""num_ctas"": 1, ""num_stages"": 2, ""num_warps"": 8, ""path"": ""one_pass""}",0b888e8f-4ad3-4cc2-8a02-2febfb25b132,77278e66c8912b496682306deb107db0d1c325287febc4504b8bf666e266ea0c,42e4782fc71656cb27af082f0509db5c5f7098f7
default-c128-b1,1,8,4,64,128,16,fp16,17,triton_auto_preallocated,0.008191999979317188,0.009216000325977802,0.009216000325977802,25.032986260061918,improvement,133156,263680,1.980233710835411,14.448350183393941,28.611110099111677,1.7995399826753078,4.76837158203125e-07,0.0005681818001903594,0.003,0.003,82.491135,"{""kwargs"": {""BLOCK_TOKENS"": 64}, ""maxnreg"": null, ""num_ctas"": 1, ""num_stages"": 2, ""num_warps"": 8, ""path"": ""one_pass""}",0b888e8f-4ad3-4cc2-8a02-2febfb25b132,77278e66c8912b496682306deb107db0d1c325287febc4504b8bf666e266ea0c,42e4782fc71656cb27af082f0509db5c5f7098f7
default-c512-b1,1,8,4,64,512,16,fp16,17,torch_expanded_gqa,0.027648000046610832,0.028672000393271446,0.03174399957060814,1.0,baseline,526468,1056256,2.0063061762538275,18.36174639993197,36.83928520898999,2.2869529308889014,4.76837158203125e-07,0.0005537098622880876,0.003,0.003,88.729502,"{""kwargs"": {""BLOCK_TOKENS"": 64}, ""maxnreg"": null, ""num_ctas"": 1, ""num_stages"": 2, ""num_warps"": 8, ""path"": ""one_pass""}",0b888e8f-4ad3-4cc2-8a02-2febfb25b132,77278e66c8912b496682306deb107db0d1c325287febc4504b8bf666e266ea0c,42e4782fc71656cb27af082f0509db5c5f7098f7
default-c512-b1,1,8,4,64,512,16,fp16,17,triton_auto_preallocated,0.021503999829292297,0.02252800017595291,0.023552000522613525,1.2727272802437577,improvement,526468,1056256,2.0063061762538275,23.369495556111026,46.88636327016193,2.9106673837757224,4.76837158203125e-07,0.0005537098622880876,0.003,0.003,88.729502,"{""kwargs"": {""BLOCK_TOKENS"": 64}, ""maxnreg"": null, ""num_ctas"": 1, ""num_stages"": 2, ""num_warps"": 8, ""path"": ""one_pass""}",0b888e8f-4ad3-4cc2-8a02-2febfb25b132,77278e66c8912b496682306deb107db0d1c325287febc4504b8bf666e266ea0c,42e4782fc71656cb27af082f0509db5c5f7098f7
default-c2048-b1,1,8,4,64,2048,16,fp16,17,torch_expanded_gqa,0.03993599861860275,0.13633599877357483,0.4618239998817444,1.0,baseline,2099716,4226560,2.012919842492985,15.401038749033429,31.001056492932726,1.9181972094966977,9.5367431640625e-07,0.0005257623270153999,0.003,0.003,9.353714,"{""num_splits"": 8, ""path"": ""split_kv"", ""split_size"": 256}",0b888e8f-4ad3-4cc2-8a02-2febfb25b132,77278e66c8912b496682306deb107db0d1c325287febc4504b8bf666e266ea0c,42e4782fc71656cb27af082f0509db5c5f7098f7
default-c2048-b1,1,8,4,64,2048,16,fp16,17,triton_one_pass_ablation,0.07168000191450119,0.0727040022611618,0.07475200295448303,1.8752199952327107,improvement,2099716,4226560,2.012919842492985,28.88033580954126,58.1338010088863,3.597041762047797,9.5367431640625e-07,0.0005257623270153999,0.003,0.003,9.353714,"{""num_splits"": 8, ""path"": ""split_kv"", ""split_size"": 256}",0b888e8f-4ad3-4cc2-8a02-2febfb25b132,77278e66c8912b496682306deb107db0d1c325287febc4504b8bf666e266ea0c,42e4782fc71656cb27af082f0509db5c5f7098f7
default-c2048-b1,1,8,4,64,2048,16,fp16,17,triton_auto_preallocated,0.01945599913597107,0.020479999482631683,0.021503999829292297,6.657031358286716,improvement,2099716,4226560,2.012919842492985,102.52519790250435,206.37500521347116,12.76949897499759,9.5367431640625e-07,0.0005257623270153999,0.003,0.003,9.353714,"{""num_splits"": 8, ""path"": ""split_kv"", ""split_size"": 256}",0b888e8f-4ad3-4cc2-8a02-2febfb25b132,77278e66c8912b496682306deb107db0d1c325287febc4504b8bf666e266ea0c,42e4782fc71656cb27af082f0509db5c5f7098f7
default-c128-b8,8,8,4,64,128,16,fp16,17,torch_expanded_gqa,0.04403200000524521,0.04505600035190582,0.04608000069856644,1.0,baseline,1065248,2109440,1.980233710835411,23.642755497158575,46.81818145251263,2.9447018709896144,0.0001220703125,0.0007806401117704809,0.003,0.003,0.160578,"{""kwargs"": {""BLOCK_TOKENS"": 64}, ""maxnreg"": null, ""num_ctas"": 1, ""num_stages"": 2, ""num_warps"": 8, ""path"": ""one_pass""}",0b888e8f-4ad3-4cc2-8a02-2febfb25b132,77278e66c8912b496682306deb107db0d1c325287febc4504b8bf666e266ea0c,42e4782fc71656cb27af082f0509db5c5f7098f7
default-c128-b8,8,8,4,64,128,16,fp16,17,triton_auto_preallocated,0.009216000325977802,0.010239999741315842,0.011264000087976456,4.400000145519156,improvement,1065248,2109440,1.980233710835411,104.02812762797154,206.00000520399786,12.956688660864833,0.0001220703125,0.0007806401117704809,0.003,0.003,0.160578,"{""kwargs"": {""BLOCK_TOKENS"": 64}, ""maxnreg"": null, ""num_ctas"": 1, ""num_stages"": 2, ""num_warps"": 8, ""path"": ""one_pass""}",0b888e8f-4ad3-4cc2-8a02-2febfb25b132,77278e66c8912b496682306deb107db0d1c325287febc4504b8bf666e266ea0c,42e4782fc71656cb27af082f0509db5c5f7098f7
default-c512-b8,8,8,4,64,512,16,fp16,17,torch_expanded_gqa,0.19466239213943481,0.30115199089050293,0.5830144286155701,1.0,baseline,4211744,8450048,2.0063061762538275,13.985442990251938,28.05908064898826,1.7418849568935781,3.0517578125e-05,0.008849557489156723,0.003,0.003,0.218608,"{""kwargs"": {""BLOCK_TOKENS"": 64}, ""maxnreg"": null, ""num_ctas"": 1, ""num_stages"": 2, ""num_warps"": 8, ""path"": ""one_pass""}",0b888e8f-4ad3-4cc2-8a02-2febfb25b132,77278e66c8912b496682306deb107db0d1c325287febc4504b8bf666e266ea0c,42e4782fc71656cb27af082f0509db5c5f7098f7
default-c512-b8,8,8,4,64,512,16,fp16,17,triton_auto_preallocated,0.02252800017595291,0.023552000522613525,0.023584000766277313,12.786684112092768,improvement,4211744,8450048,2.0063061762538275,178.82744168403363,358.78260073434785,22.27293270340451,3.0517578125e-05,0.008849557489156723,0.003,0.003,0.218608,"{""kwargs"": {""BLOCK_TOKENS"": 64}, ""maxnreg"": null, ""num_ctas"": 1, ""num_stages"": 2, ""num_warps"": 8, ""path"": ""one_pass""}",0b888e8f-4ad3-4cc2-8a02-2febfb25b132,77278e66c8912b496682306deb107db0d1c325287febc4504b8bf666e266ea0c,42e4782fc71656cb27af082f0509db5c5f7098f7
7b-c1-b1,1,32,8,128,1,16,fp16,17,torch_expanded_gqa,0.021503999829292297,0.02252800017595291,0.02638399973511696,1.0,baseline,20488,12352,0.6028894962905115,0.9094460156241266,0.5482954502630424,0.11327137330055576,0.0,0.0,0.003,0.003,73.423566,"{""kwargs"": {""BLOCK_TOKENS"": 16}, ""maxnreg"": null, ""num_ctas"": 1, ""num_stages"": 2, ""num_warps"": 4, ""path"": ""one_pass""}",0b888e8f-4ad3-4cc2-8a02-2febfb25b132,77278e66c8912b496682306deb107db0d1c325287febc4504b8bf666e266ea0c,42e4782fc71656cb27af082f0509db5c5f7098f7
7b-c1-b1,1,32,8,128,1,16,fp16,17,triton_auto_preallocated,0.006144000217318535,0.006144000217318535,0.0071680000983178616,3.6666665656117035,improvement,20488,12352,0.6028894962905115,3.3346352987177643,2.0104165955565123,0.41532835732207,0.0,0.0,0.003,0.003,73.423566,"{""kwargs"": {""BLOCK_TOKENS"": 16}, ""maxnreg"": null, ""num_ctas"": 1, ""num_stages"": 2, ""num_warps"": 4, ""path"": ""one_pass""}",0b888e8f-4ad3-4cc2-8a02-2febfb25b132,77278e66c8912b496682306deb107db0d1c325287febc4504b8bf666e266ea0c,42e4782fc71656cb27af082f0509db5c5f7098f7
7b-c128-b1,1,32,8,128,128,16,fp16,17,torch_expanded_gqa,0.030719999223947525,0.030719999223947525,0.03481600061058998,1.0,baseline,540708,2101248,3.8861048847067177,17.601172319643013,68.40000172792938,2.19222353619029,3.0517578125e-05,0.0008488964522257447,0.003,0.003,90.764722,"{""kwargs"": {""BLOCK_TOKENS"": 64}, ""maxnreg"": null, ""num_ctas"": 1, ""num_stages"": 2, ""num_warps"": 8, ""path"": ""one_pass""}",0b888e8f-4ad3-4cc2-8a02-2febfb25b132,77278e66c8912b496682306deb107db0d1c325287febc4504b8bf666e266ea0c,42e4782fc71656cb27af082f0509db5c5f7098f7
7b-c128-b1,1,32,8,128,128,16,fp16,17,triton_auto_preallocated,0.011264000087976456,0.01228800043463707,0.01228800043463707,2.499999848417555,improvement,540708,2101248,3.8861048847067177,44.0029281310788,170.99999395158397,5.480558508173122,3.0517578125e-05,0.0008488964522257447,0.003,0.003,90.764722,"{""kwargs"": {""BLOCK_TOKENS"": 64}, ""maxnreg"": null, ""num_ctas"": 1, ""num_stages"": 2, ""num_warps"": 8, ""path"": ""one_pass""}",0b888e8f-4ad3-4cc2-8a02-2febfb25b132,77278e66c8912b496682306deb107db0d1c325287febc4504b8bf666e266ea0c,42e4782fc71656cb27af082f0509db5c5f7098f7
7b-c512-b1,1,32,8,128,512,16,fp16,17,torch_expanded_gqa,0.050175998359918594,0.05119999870657921,0.055296000093221664,1.0,baseline,2113668,8417280,3.9823094260782677,41.28257916788567,164.40000415309342,5.141739427519761,6.103515625e-05,0.007246376946568489,0.003,0.003,85.155933,"{""kwargs"": {""BLOCK_TOKENS"": 64}, ""maxnreg"": null, ""num_ctas"": 1, ""num_stages"": 2, ""num_warps"": 8, ""path"": ""one_pass""}",0b888e8f-4ad3-4cc2-8a02-2febfb25b132,77278e66c8912b496682306deb107db0d1c325287febc4504b8bf666e266ea0c,42e4782fc71656cb27af082f0509db5c5f7098f7
7b-c512-b1,1,32,8,128,512,16,fp16,17,triton_auto_preallocated,0.03686400130391121,0.03788800165057182,0.03891199827194214,1.3513512583424012,improvement,2113668,8417280,3.9823094260782677,55.787265306142096,222.16215248377878,6.948296045447567,6.103515625e-05,0.007246376946568489,0.003,0.003,85.155933,"{""kwargs"": {""BLOCK_TOKENS"": 64}, ""maxnreg"": null, ""num_ctas"": 1, ""num_stages"": 2, ""num_warps"": 8, ""path"": ""one_pass""}",0b888e8f-4ad3-4cc2-8a02-2febfb25b132,77278e66c8912b496682306deb107db0d1c325287febc4504b8bf666e266ea0c,42e4782fc71656cb27af082f0509db5c5f7098f7
7b-c2048-b1,1,32,8,128,2048,16,fp16,17,torch_expanded_gqa,0.12697599828243256,0.21939200162887573,0.5236735343933105,1.0,baseline,8405508,33681408,4.007063939502526,38.31273673421689,153.5215857913343,4.771845970218652,3.0517578125e-05,0.0009259259095415473,0.003,0.003,6.353852,"{""num_splits"": 8, ""path"": ""split_kv"", ""split_size"": 256}",0b888e8f-4ad3-4cc2-8a02-2febfb25b132,77278e66c8912b496682306deb107db0d1c325287febc4504b8bf666e266ea0c,42e4782fc71656cb27af082f0509db5c5f7098f7
7b-c2048-b1,1,32,8,128,2048,16,fp16,17,triton_one_pass_ablation,0.13209599256515503,0.13312000036239624,0.35737600922584534,1.6480769308264638,improvement,8405508,33681408,4.007063939502526,63.14233756849049,253.01538392659387,7.864369260974585,3.0517578125e-05,0.0009259259095415473,0.003,0.003,6.353852,"{""num_splits"": 8, ""path"": ""split_kv"", ""split_size"": 256}",0b888e8f-4ad3-4cc2-8a02-2febfb25b132,77278e66c8912b496682306deb107db0d1c325287febc4504b8bf666e266ea0c,42e4782fc71656cb27af082f0509db5c5f7098f7
7b-c2048-b1,1,32,8,128,2048,16,fp16,17,triton_auto_preallocated,0.03686400130391121,0.03788800165057182,0.03891199827194214,5.790540331270403,improvement,8405508,33681408,4.007063939502526,221.85144726082802,888.9729342453105,27.63156654516125,3.0517578125e-05,0.0009259259095415473,0.003,0.003,6.353852,"{""num_splits"": 8, ""path"": ""split_kv"", ""split_size"": 256}",0b888e8f-4ad3-4cc2-8a02-2febfb25b132,77278e66c8912b496682306deb107db0d1c325287febc4504b8bf666e266ea0c,42e4782fc71656cb27af082f0509db5c5f7098f7
7b-c512-b8,8,32,8,128,512,16,fp16,17,torch_expanded_gqa,0.5273600220680237,0.532480001449585,1.0788860321044922,1.0,baseline,16909344,67338240,3.9823094260782677,31.755829240473307,126.46153811726873,3.955184064331538,6.103515625e-05,0.05882352963089943,0.003,0.003,0.223648,"{""kwargs"": {""BLOCK_TOKENS"": 64}, ""maxnreg"": null, ""num_ctas"": 1, ""num_stages"": 2, ""num_warps"": 8, ""path"": ""one_pass""}",0b888e8f-4ad3-4cc2-8a02-2febfb25b132,77278e66c8912b496682306deb107db0d1c325287febc4504b8bf666e266ea0c,42e4782fc71656cb27af082f0509db5c5f7098f7
7b-c512-b8,8,32,8,128,512,16,fp16,17,triton_auto_preallocated,0.07168000191450119,0.0727040022611618,0.07577600330114365,7.323943454128573,improvement,16909344,67338240,3.9823094260782677,232.5778976961892,926.1971542930014,28.96754443783461,6.103515625e-05,0.05882352963089943,0.003,0.003,0.223648,"{""kwargs"": {""BLOCK_TOKENS"": 64}, ""maxnreg"": null, ""num_ctas"": 1, ""num_stages"": 2, ""num_warps"": 8, ""path"": ""one_pass""}",0b888e8f-4ad3-4cc2-8a02-2febfb25b132,77278e66c8912b496682306deb107db0d1c325287febc4504b8bf666e266ea0c,42e4782fc71656cb27af082f0509db5c5f7098f7
7b-c512-b1-bf16,1,32,8,128,512,16,bf16,17,torch_expanded_gqa,0.055296000093221664,0.05632000043988228,0.3983359932899475,1.0,baseline,2113668,8417280,3.9823094260782677,37.529616184151045,149.45454428724423,4.6743084158812795,2.384185791015625e-07,0.006329114083200693,0.03,0.03,78.401098,"{""kwargs"": {""BLOCK_TOKENS"": 64}, ""maxnreg"": null, ""num_ctas"": 1, ""num_stages"": 2, ""num_warps"": 8, ""path"": ""one_pass""}",0b888e8f-4ad3-4cc2-8a02-2febfb25b132,77278e66c8912b496682306deb107db0d1c325287febc4504b8bf666e266ea0c,42e4782fc71656cb27af082f0509db5c5f7098f7
7b-c512-b1-bf16,1,32,8,128,512,16,bf16,17,triton_auto_preallocated,0.03686400130391121,0.03686400130391121,0.03788800165057182,1.5277777356715432,improvement,2113668,8417280,3.9823094260782677,57.33691203444438,228.33332525698833,7.141304327445539,2.384185791015625e-07,0.006329114083200693,0.03,0.03,78.401098,"{""kwargs"": {""BLOCK_TOKENS"": 64}, ""maxnreg"": null, ""num_ctas"": 1, ""num_stages"": 2, ""num_warps"": 8, ""path"": ""one_pass""}",0b888e8f-4ad3-4cc2-8a02-2febfb25b132,77278e66c8912b496682306deb107db0d1c325287febc4504b8bf666e266ea0c,42e4782fc71656cb27af082f0509db5c5f7098f7
default-c128-b1-fp32,1,8,4,64,128,16,fp32,17,torch_expanded_gqa,0.020479999482631683,0.1157120019197464,0.3705856204032898,1.0,baseline,266276,263680,0.9902507173008457,2.3011960348303306,2.278761024140597,0.2866136423943118,1.043081283569336e-07,0.0006543214549310505,1e-05,1e-05,73.885319,"{""kwargs"": {""BLOCK_TOKENS"": 64}, ""maxnreg"": null, ""num_ctas"": 1, ""num_stages"": 2, ""num_warps"": 8, ""path"": ""one_pass""}",0b888e8f-4ad3-4cc2-8a02-2febfb25b132,77278e66c8912b496682306deb107db0d1c325287febc4504b8bf666e266ea0c,42e4782fc71656cb27af082f0509db5c5f7098f7
default-c128-b1-fp32,1,8,4,64,128,16,fp32,17,triton_auto_preallocated,0.01228800043463707,0.013311999849975109,0.014336000196635723,8.69230793448084,improvement,266276,263680,0.9902507173008457,20.00270455235153,19.807692530922996,2.4913340379145303,1.043081283569336e-07,0.0006543214549310505,1e-05,1e-05,73.885319,"{""kwargs"": {""BLOCK_TOKENS"": 64}, ""maxnreg"": null, ""num_ctas"": 1, ""num_stages"": 2, ""num_warps"": 8, ""path"": ""one_pass""}",0b888e8f-4ad3-4cc2-8a02-2febfb25b132,77278e66c8912b496682306deb107db0d1c325287febc4504b8bf666e266ea0c,42e4782fc71656cb27af082f0509db5c5f7098f7
