suite_id,case,variant,execution_mode,fusion_level,stable_bucket,parent,latency_p50_ms,latency_p95_ms,latency_p99_ms,tokens_per_second_mean,latency_speedup_vs_baseline,latency_change_pct_vs_baseline,latency_speedup_vs_parent,latency_change_pct_vs_parent,graph_hits,graph_misses,shape_fallbacks,capture_time_ms_mean,compile_time_ms_mean,cold_setup_wall_ms,cold_capture_time_ms,cold_compile_time_ms,addresses_stable,git_commit,git_dirty,hardware_fingerprint
caa3d1c6-0dd1-4b45-bbc3-35342e8eea9c,b1-c32,paged_dynamic_eager,eager,none,False,,15.871007919311523,17.319155406951904,17.831491718292234,100.47559823054777,1.0,0.0,1.0,0.0,0,0,0,0.0,0.0,1748.006741,0.0,0.0,,b268f16bcfa7c7adea45b9d3fc3ca9c92f557a38,False,77278e66c8912b496682306deb107db0d1c325287febc4504b8bf666e266ea0c
caa3d1c6-0dd1-4b45-bbc3-35342e8eea9c,b1-c32,stable_bucket_eager,eager,none,True,paged_dynamic_eager,8.121920108795166,15.95605082511902,16.13358404159546,118.73625782685414,1.203935383814553,-16.939063886336104,1.203935383814553,-16.939063886336104,0,0,0,0.0,0.0,24.90792,0.0,0.0,True,b268f16bcfa7c7adea45b9d3fc3ca9c92f557a38,False,77278e66c8912b496682306deb107db0d1c325287febc4504b8bf666e266ea0c
caa3d1c6-0dd1-4b45-bbc3-35342e8eea9c,b1-c32,triton_rms_norm,eager,rms_norm,True,stable_bucket_eager,4.826143980026245,11.375890827178955,11.846076145172118,180.40541530689615,1.9493157378267467,-48.699947340758655,1.61911989964987,-38.238051411989495,0,0,0,0.0,0.0,411.638541,0.0,0.0,True,b268f16bcfa7c7adea45b9d3fc3ca9c92f557a38,False,77278e66c8912b496682306deb107db0d1c325287febc4504b8bf666e266ea0c
caa3d1c6-0dd1-4b45-bbc3-35342e8eea9c,b1-c32,triton_residual_rms_norm,eager,residual_rms_norm,True,triton_rms_norm,4.307919979095459,11.230207920074463,11.384360799789428,188.66952673463928,2.0100390342791568,-50.24972237125627,1.0311510830565136,-3.0210008570399127,0,0,0,0.0,0.0,416.858223,0.0,0.0,True,b268f16bcfa7c7adea45b9d3fc3ca9c92f557a38,False,77278e66c8912b496682306deb107db0d1c325287febc4504b8bf666e266ea0c
caa3d1c6-0dd1-4b45-bbc3-35342e8eea9c,b1-c32,triton_all_fusions,eager,all,True,triton_residual_rms_norm,5.910447835922241,11.348686218261719,11.615601444244383,171.91266754720112,1.8857795829188757,-46.97153320261507,0.9381805779683065,6.589288190719933,0,0,0,0.0,0.0,386.668831,0.0,0.0,True,b268f16bcfa7c7adea45b9d3fc3ca9c92f557a38,False,77278e66c8912b496682306deb107db0d1c325287febc4504b8bf666e266ea0c
caa3d1c6-0dd1-4b45-bbc3-35342e8eea9c,b1-c32,triton_all_compile,torch_compile,all,True,triton_all_fusions,5.138864040374756,8.892416429519653,9.399994525909422,190.02427101782317,2.1711156763491095,-53.94073144543023,1.1513093555656069,-13.142371755614946,0,0,0,0.0,7.841339400000001,3035.840893,0.0,3025.966233,True,b268f16bcfa7c7adea45b9d3fc3ca9c92f557a38,False,77278e66c8912b496682306deb107db0d1c325287febc4504b8bf666e266ea0c
caa3d1c6-0dd1-4b45-bbc3-35342e8eea9c,b1-c32,triton_all_cuda_graph,cuda_graph,all,True,triton_all_fusions,0.8181760013103485,1.1899775922298428,1.3994838666915888,1297.7087745638378,15.488310770066562,-93.54351798045887,8.213213734180542,-87.82449803006651,80,0,0,138.7891448,0.0,157.084387,137.175737,0.0,True,b268f16bcfa7c7adea45b9d3fc3ca9c92f557a38,False,77278e66c8912b496682306deb107db0d1c325287febc4504b8bf666e266ea0c
caa3d1c6-0dd1-4b45-bbc3-35342e8eea9c,b4-c32,paged_dynamic_eager,eager,none,False,,6.727648019790649,19.660659313201904,20.126308784484863,505.7983066768529,1.0,0.0,1.0,0.0,0,0,0,0.0,0.0,144.812539,0.0,0.0,,b268f16bcfa7c7adea45b9d3fc3ca9c92f557a38,False,77278e66c8912b496682306deb107db0d1c325287febc4504b8bf666e266ea0c
caa3d1c6-0dd1-4b45-bbc3-35342e8eea9c,b4-c32,stable_bucket_eager,eager,none,True,paged_dynamic_eager,5.64900803565979,17.42650604248047,17.9147204208374,528.7283464896202,0.9326632719923437,7.219832712379937,0.9326632719923437,7.219832712379937,0,0,0,0.0,0.0,648.72734,0.0,0.0,True,b268f16bcfa7c7adea45b9d3fc3ca9c92f557a38,False,77278e66c8912b496682306deb107db0d1c325287febc4504b8bf666e266ea0c
caa3d1c6-0dd1-4b45-bbc3-35342e8eea9c,b4-c32,triton_rms_norm,eager,rms_norm,True,stable_bucket_eager,5.672224044799805,12.99237298965454,13.542894859313964,598.6335724574241,1.1704581504403786,-14.563369939902993,1.2549632708705902,-20.316393060150496,0,0,0,0.0,0.0,810.477115,0.0,0.0,True,b268f16bcfa7c7adea45b9d3fc3ca9c92f557a38,False,77278e66c8912b496682306deb107db0d1c325287febc4504b8bf666e266ea0c
caa3d1c6-0dd1-4b45-bbc3-35342e8eea9c,b4-c32,triton_residual_rms_norm,eager,residual_rms_norm,True,triton_rms_norm,4.992559909820557,12.883792209625245,13.281669101715087,623.6504708001195,1.196371568091583,-16.413928024453895,1.0221395507745872,-2.1660007929259484,0,0,0,0.0,0.0,921.679718,0.0,0.0,True,b268f16bcfa7c7adea45b9d3fc3ca9c92f557a38,False,77278e66c8912b496682306deb107db0d1c325287febc4504b8bf666e266ea0c
caa3d1c6-0dd1-4b45-bbc3-35342e8eea9c,b4-c32,triton_all_fusions,eager,all,True,triton_residual_rms_norm,4.863055944442749,13.173670530319214,13.715625829696654,723.8704698988985,1.4626379461949435,-31.630380395811365,1.2225616064481546,-18.204530984311816,0,0,0,0.0,0.0,802.702099,0.0,0.0,True,b268f16bcfa7c7adea45b9d3fc3ca9c92f557a38,False,77278e66c8912b496682306deb107db0d1c325287febc4504b8bf666e266ea0c
caa3d1c6-0dd1-4b45-bbc3-35342e8eea9c,b4-c32,triton_all_compile,torch_compile,all,True,triton_all_fusions,5.129087924957275,10.545203351974486,10.702151670455931,663.5798294394543,1.4346767207453266,-30.297886238755478,0.9808830165234275,1.9489565171930012,0,0,0,0.0,8.1092534,1065.966925,0.0,1006.527329,True,b268f16bcfa7c7adea45b9d3fc3ca9c92f557a38,False,77278e66c8912b496682306deb107db0d1c325287febc4504b8bf666e266ea0c
caa3d1c6-0dd1-4b45-bbc3-35342e8eea9c,b4-c32,triton_all_cuda_graph,cuda_graph,all,True,triton_all_fusions,2.0089439749717712,2.702305710315704,2.9961216783523525,2222.4736177444515,5.039369747074793,-80.15624869398657,3.4453979265235986,-70.97577634496929,80,0,0,143.4382498,0.0,208.049329,138.831001,0.0,True,b268f16bcfa7c7adea45b9d3fc3ca9c92f557a38,False,77278e66c8912b496682306deb107db0d1c325287febc4504b8bf666e266ea0c
caa3d1c6-0dd1-4b45-bbc3-35342e8eea9c,b8-c32,paged_dynamic_eager,eager,none,False,,10.195952415466309,23.984898662567137,24.982535324096673,726.6944771108358,1.0,0.0,1.0,0.0,0,0,0,0.0,0.0,80.061816,0.0,0.0,,b268f16bcfa7c7adea45b9d3fc3ca9c92f557a38,False,77278e66c8912b496682306deb107db0d1c325287febc4504b8bf666e266ea0c
caa3d1c6-0dd1-4b45-bbc3-35342e8eea9c,b8-c32,stable_bucket_eager,eager,none,True,paged_dynamic_eager,6.309391975402832,10.013046550750733,10.328975734710692,1156.5698001031078,1.7815772851635445,-43.86996240198457,1.7815772851635445,-43.86996240198457,0,0,0,0.0,0.0,75.631479,0.0,0.0,True,b268f16bcfa7c7adea45b9d3fc3ca9c92f557a38,False,77278e66c8912b496682306deb107db0d1c325287febc4504b8bf666e266ea0c
caa3d1c6-0dd1-4b45-bbc3-35342e8eea9c,b8-c32,triton_rms_norm,eager,rms_norm,True,stable_bucket_eager,5.755680084228516,8.246579265594482,8.692191505432124,1293.0721226070832,2.0010939934195973,-50.02733488339865,1.1232148108780482,-10.969834949178402,0,0,0,0.0,0.0,494.137111,0.0,0.0,True,b268f16bcfa7c7adea45b9d3fc3ca9c92f557a38,False,77278e66c8912b496682306deb107db0d1c325287febc4504b8bf666e266ea0c
caa3d1c6-0dd1-4b45-bbc3-35342e8eea9c,b8-c32,triton_residual_rms_norm,eager,residual_rms_norm,True,triton_rms_norm,5.428735971450806,7.866836810111999,8.27451786994934,1386.0119598359117,2.1660798422090197,-53.83365005695375,1.0824478257053205,-7.616794430862994,0,0,0,0.0,0.0,473.33333,0.0,0.0,True,b268f16bcfa7c7adea45b9d3fc3ca9c92f557a38,False,77278e66c8912b496682306deb107db0d1c325287febc4504b8bf666e266ea0c
caa3d1c6-0dd1-4b45-bbc3-35342e8eea9c,b8-c32,triton_all_fusions,eager,all,True,triton_residual_rms_norm,7.828480005264282,14.726264286041259,14.986532907485959,1019.4169790837666,1.3505898260897284,-25.9582753636437,0.6235180254077637,60.380287217202344,0,0,0,0.0,0.0,603.300395,0.0,0.0,True,b268f16bcfa7c7adea45b9d3fc3ca9c92f557a38,False,77278e66c8912b496682306deb107db0d1c325287febc4504b8bf666e266ea0c
caa3d1c6-0dd1-4b45-bbc3-35342e8eea9c,b8-c32,triton_all_compile,torch_compile,all,True,triton_all_fusions,5.578272104263306,12.17581739425659,13.079838457107543,1228.578476567483,1.779120907399161,-43.79246537764162,1.3172918032043301,-24.086675589456608,0,0,0,0.0,7.5739626,1253.977199,0.0,1169.553304,True,b268f16bcfa7c7adea45b9d3fc3ca9c92f557a38,False,77278e66c8912b496682306deb107db0d1c325287febc4504b8bf666e266ea0c
caa3d1c6-0dd1-4b45-bbc3-35342e8eea9c,b8-c32,triton_all_cuda_graph,cuda_graph,all,True,triton_all_fusions,1.753887951374054,2.334283137321472,2.763605110645294,4324.018527661809,6.816585106851179,-85.32989782530662,5.0471171744176235,-80.18670925516233,80,0,0,140.82123380000002,0.0,231.417852,152.025543,0.0,True,b268f16bcfa7c7adea45b9d3fc3ca9c92f557a38,False,77278e66c8912b496682306deb107db0d1c325287febc4504b8bf666e266ea0c
caa3d1c6-0dd1-4b45-bbc3-35342e8eea9c,b1-c128,paged_dynamic_eager,eager,none,False,,5.796511888504028,17.357260131835936,17.848832302093502,150.0224168329981,1.0,0.0,1.0,0.0,0,0,0,0.0,0.0,954.423247,0.0,0.0,,b268f16bcfa7c7adea45b9d3fc3ca9c92f557a38,False,77278e66c8912b496682306deb107db0d1c325287febc4504b8bf666e266ea0c
caa3d1c6-0dd1-4b45-bbc3-35342e8eea9c,b1-c128,stable_bucket_eager,eager,none,True,paged_dynamic_eager,5.420560121536255,9.568663883209227,11.735296115875242,169.7929057126159,1.3542347740560416,-26.157560036291205,1.3542347740560416,-26.157560036291205,0,0,0,0.0,0.0,27.008784,0.0,0.0,True,b268f16bcfa7c7adea45b9d3fc3ca9c92f557a38,False,77278e66c8912b496682306deb107db0d1c325287febc4504b8bf666e266ea0c
caa3d1c6-0dd1-4b45-bbc3-35342e8eea9c,b1-c128,triton_rms_norm,eager,rms_norm,True,stable_bucket_eager,4.8406081199646,12.879052639007568,13.242046403884887,163.51391858655865,1.0644930620894646,-6.05857044881748,0.7860476502912583,27.218750622747212,0,0,0,0.0,0.0,25.72736,0.0,0.0,True,b268f16bcfa7c7adea45b9d3fc3ca9c92f557a38,False,77278e66c8912b496682306deb107db0d1c325287febc4504b8bf666e266ea0c
caa3d1c6-0dd1-4b45-bbc3-35342e8eea9c,b1-c128,triton_residual_rms_norm,eager,residual_rms_norm,True,triton_rms_norm,4.514895915985107,6.703291010856628,7.744591035842892,207.60266058566754,1.6662150769296418,-39.98373836331416,1.565266262665041,-36.11310587520183,0,0,0,0.0,0.0,26.347983,0.0,0.0,True,b268f16bcfa7c7adea45b9d3fc3ca9c92f557a38,False,77278e66c8912b496682306deb107db0d1c325287febc4504b8bf666e266ea0c
caa3d1c6-0dd1-4b45-bbc3-35342e8eea9c,b1-c128,triton_all_fusions,eager,all,True,triton_residual_rms_norm,4.7655839920043945,12.275315570831298,12.473968858718871,184.06368528614752,1.2934550149709114,-22.687686202794687,0.7762833459377761,28.818942881219066,0,0,0,0.0,0.0,26.54747,0.0,0.0,True,b268f16bcfa7c7adea45b9d3fc3ca9c92f557a38,False,77278e66c8912b496682306deb107db0d1c325287febc4504b8bf666e266ea0c
caa3d1c6-0dd1-4b45-bbc3-35342e8eea9c,b1-c128,triton_all_compile,torch_compile,all,True,triton_all_fusions,4.834304094314575,7.03700020313263,7.540991911888122,191.26565264079431,1.5323844569988074,-34.742225070690715,1.1847218799745187,-15.592003751841899,0,0,0,0.0,7.5861682,34.508311,0.0,10.879235,True,b268f16bcfa7c7adea45b9d3fc3ca9c92f557a38,False,77278e66c8912b496682306deb107db0d1c325287febc4504b8bf666e266ea0c
caa3d1c6-0dd1-4b45-bbc3-35342e8eea9c,b1-c128,triton_all_cuda_graph,cuda_graph,all,True,triton_all_fusions,0.8862720131874084,1.8050463974475859,2.120802264213559,1015.5087653345288,7.660341708188636,-86.94575205527666,5.9223874193729955,-83.11491752922387,80,0,0,145.72077359999997,0.0,173.540367,143.701716,0.0,True,b268f16bcfa7c7adea45b9d3fc3ca9c92f557a38,False,77278e66c8912b496682306deb107db0d1c325287febc4504b8bf666e266ea0c
caa3d1c6-0dd1-4b45-bbc3-35342e8eea9c,b1-c512,paged_dynamic_eager,eager,none,False,,6.916095972061157,20.58023500442505,21.131949291229247,127.53936797040797,1.0,0.0,1.0,0.0,0,0,0,0.0,0.0,597.285845,0.0,0.0,,b268f16bcfa7c7adea45b9d3fc3ca9c92f557a38,False,77278e66c8912b496682306deb107db0d1c325287febc4504b8bf666e266ea0c
caa3d1c6-0dd1-4b45-bbc3-35342e8eea9c,b1-c512,stable_bucket_eager,eager,none,True,paged_dynamic_eager,9.315088272094727,20.33192205429077,20.829342231750488,107.86728067955809,0.7920525333989975,26.254251811886895,0.7920525333989975,26.254251811886895,0,0,0,0.0,0.0,96.37246,0.0,0.0,True,b268f16bcfa7c7adea45b9d3fc3ca9c92f557a38,False,77278e66c8912b496682306deb107db0d1c325287febc4504b8bf666e266ea0c
caa3d1c6-0dd1-4b45-bbc3-35342e8eea9c,b1-c512,triton_rms_norm,eager,rms_norm,True,stable_bucket_eager,14.660207748413086,16.486484718322753,16.638418197631836,109.64754964173844,0.8317890973098739,20.22278282249004,1.0501691014614292,-4.777240293169283,0,0,0,0.0,0.0,96.212872,0.0,0.0,True,b268f16bcfa7c7adea45b9d3fc3ca9c92f557a38,False,77278e66c8912b496682306deb107db0d1c325287febc4504b8bf666e266ea0c
caa3d1c6-0dd1-4b45-bbc3-35342e8eea9c,b1-c512,triton_residual_rms_norm,eager,residual_rms_norm,True,triton_rms_norm,14.129663944244385,15.89380292892456,16.052086544036865,107.55042589608777,0.842114355831015,18.74871780486158,1.0124133131277322,-1.2261112103892247,0,0,0,0.0,0.0,111.866479,0.0,0.0,True,b268f16bcfa7c7adea45b9d3fc3ca9c92f557a38,False,77278e66c8912b496682306deb107db0d1c325287febc4504b8bf666e266ea0c
caa3d1c6-0dd1-4b45-bbc3-35342e8eea9c,b1-c512,triton_all_fusions,eager,all,True,triton_residual_rms_norm,6.700128078460693,15.508223819732665,15.642226009368894,128.76213549156915,0.9936004564792379,0.6440761453993638,1.179887802172347,-15.246178648609376,0,0,0,0.0,0.0,80.424732,0.0,0.0,True,b268f16bcfa7c7adea45b9d3fc3ca9c92f557a38,False,77278e66c8912b496682306deb107db0d1c325287febc4504b8bf666e266ea0c
caa3d1c6-0dd1-4b45-bbc3-35342e8eea9c,b1-c512,triton_all_compile,torch_compile,all,True,triton_all_fusions,11.956687927246094,13.545521688461303,14.402188634872433,119.17113092523752,0.9784873207192938,2.1985649507335614,0.9847895241378042,1.544540786571913,0,0,0,0.0,8.677071399999999,87.362304,0.0,10.963434,True,b268f16bcfa7c7adea45b9d3fc3ca9c92f557a38,False,77278e66c8912b496682306deb107db0d1c325287febc4504b8bf666e266ea0c
caa3d1c6-0dd1-4b45-bbc3-35342e8eea9c,b1-c512,triton_all_cuda_graph,cuda_graph,all,True,triton_all_fusions,2.288127899169922,5.108324718475341,5.24639308452606,386.7509078048421,3.227000720540828,-69.01147267694427,3.2477850623936977,-69.20978510619248,80,0,0,144.38186100000001,0.0,443.609816,145.260122,0.0,True,b268f16bcfa7c7adea45b9d3fc3ca9c92f557a38,False,77278e66c8912b496682306deb107db0d1c325287febc4504b8bf666e266ea0c
caa3d1c6-0dd1-4b45-bbc3-35342e8eea9c,b1-c2048,paged_dynamic_eager,eager,none,False,,11.908543586730957,33.27104949951172,33.74298072814941,67.14296889817582,1.0,0.0,1.0,0.0,0,0,0,0.0,0.0,1374.5211,0.0,0.0,,b268f16bcfa7c7adea45b9d3fc3ca9c92f557a38,False,77278e66c8912b496682306deb107db0d1c325287febc4504b8bf666e266ea0c
caa3d1c6-0dd1-4b45-bbc3-35342e8eea9c,b1-c2048,stable_bucket_eager,eager,none,True,paged_dynamic_eager,10.552879810333252,31.81571626663208,32.36668266296387,81.90480318231562,1.31931771191008,-24.203246043576478,1.31931771191008,-24.203246043576478,0,0,0,0.0,0.0,318.800719,0.0,0.0,True,b268f16bcfa7c7adea45b9d3fc3ca9c92f557a38,False,77278e66c8912b496682306deb107db0d1c325287febc4504b8bf666e266ea0c
caa3d1c6-0dd1-4b45-bbc3-35342e8eea9c,b1-c2048,triton_rms_norm,eager,rms_norm,True,stable_bucket_eager,26.511856079101562,28.36492176055908,28.861600971221925,49.009500668745176,0.825384541514242,21.155649240220843,0.6256146901259044,59.8427939405884,0,0,0,0.0,0.0,322.073857,0.0,0.0,True,b268f16bcfa7c7adea45b9d3fc3ca9c92f557a38,False,77278e66c8912b496682306deb107db0d1c325287febc4504b8bf666e266ea0c
caa3d1c6-0dd1-4b45-bbc3-35342e8eea9c,b1-c2048,triton_residual_rms_norm,eager,residual_rms_norm,True,triton_rms_norm,11.191296100616455,27.77415704727173,28.34004703521729,75.04518864407915,1.1665763528256932,-14.279078469421247,1.413373154148858,-29.24727648430494,0,0,0,0.0,0.0,297.534946,0.0,0.0,True,b268f16bcfa7c7adea45b9d3fc3ca9c92f557a38,False,77278e66c8912b496682306deb107db0d1c325287febc4504b8bf666e266ea0c
caa3d1c6-0dd1-4b45-bbc3-35342e8eea9c,b1-c2048,triton_all_fusions,eager,all,True,triton_residual_rms_norm,11.557456016540527,27.679960250854492,28.01645576477051,72.95205669529864,1.1472522191730266,-12.835208920246878,0.9834351745551335,1.684384072631917,0,0,0,0.0,0.0,349.368792,0.0,0.0,True,b268f16bcfa7c7adea45b9d3fc3ca9c92f557a38,False,77278e66c8912b496682306deb107db0d1c325287febc4504b8bf666e266ea0c
caa3d1c6-0dd1-4b45-bbc3-35342e8eea9c,b1-c2048,triton_all_compile,torch_compile,all,True,triton_all_fusions,10.40275239944458,24.311862850189208,25.199168815612794,88.41535951871968,1.5716890392225409,-36.37418248493578,1.3699594674617068,-27.00513965914455,0,0,0,0.0,7.055624399999999,301.605378,0.0,7.336197,True,b268f16bcfa7c7adea45b9d3fc3ca9c92f557a38,False,77278e66c8912b496682306deb107db0d1c325287febc4504b8bf666e266ea0c
caa3d1c6-0dd1-4b45-bbc3-35342e8eea9c,b1-c2048,triton_all_cuda_graph,cuda_graph,all,True,triton_all_fusions,6.223871946334839,15.843225908279418,16.743914127349854,143.55288111239125,2.4369181992610365,-58.96456432951928,2.1241346571703645,-52.92200536230902,80,0,0,158.6861068,0.0,499.827523,148.441031,0.0,True,b268f16bcfa7c7adea45b9d3fc3ca9c92f557a38,False,77278e66c8912b496682306deb107db0d1c325287febc4504b8bf666e266ea0c
